{
  "pac_p99": 2816.646584784379,
  "vdc_total_p99": 317.43416666666667,
  "iac_p99": 23.333333333333332,
  "pac_model_p99": 5500.0,
  "g_p99": 954.0,
  "t_p99": 30.9,
  "mppt_vdc_p99": 1.0,
  "mppt_idc_p99": 1.0,
  "mppt_pdc_p99": 1.0
}