{
  "pac_p99": 2814.8495362302665,
  "vdc_total_p99": 312.40166666666664,
  "iac_p99": 22.538,
  "pac_model_p99": 5047.863802697903,
  "g_p99": 757.02,
  "t_p99": 29.3,
  "mppt_vdc_p99": 1.0,
  "mppt_idc_p99": 1.0,
  "mppt_pdc_p99": 1.0
}